{"Date": "2024-04-16", "1 Mo": 5.49, "2 Mo": 5.51, "3 Mo": 5.45, "6 Mo": 5.38, "1 Yr": 5.16, "2 Yr": 4.93, "3 Yr": 4.78, "5 Yr": 4.65, "7 Yr": 4.65, "10 Yr": 4.63, "20 Yr": 4.85, "30 Yr": 4.74, "2 Yr - 10 Yr": 0.2999999999999998, "2 Yr - 30 Yr": 0.1899999999999995, "10 Yr - 30 Yr": -0.11000000000000032}