{"Date": "2024-04-23", "1 Mo": 5.49, "2 Mo": 5.5, "3 Mo": 5.45, "6 Mo": 5.39, "1 Yr": 5.14, "2 Yr": 4.86, "3 Yr": 4.76, "5 Yr": 4.63, "7 Yr": 4.62, "10 Yr": 4.61, "20 Yr": 4.84, "30 Yr": 4.73, "2 Yr - 10 Yr": 0.25, "2 Yr - 30 Yr": 0.1299999999999999, "10 Yr - 30 Yr": -0.1200000000000001}