{"Date": "2024-04-18", "1 Mo": 5.49, "2 Mo": 5.52, "3 Mo": 5.46, "6 Mo": 5.39, "1 Yr": 5.18, "2 Yr": 4.98, "3 Yr": 4.83, "5 Yr": 4.68, "7 Yr": 4.67, "10 Yr": 4.64, "20 Yr": 4.85, "30 Yr": 4.74, "2 Yr - 10 Yr": 0.34000000000000075, "2 Yr - 30 Yr": 0.2400000000000002, "10 Yr - 30 Yr": -0.10000000000000053}