{"Date": "2024-04-17", "1 Mo": 5.49, "2 Mo": 5.51, "3 Mo": 5.45, "6 Mo": 5.39, "1 Yr": 5.18, "2 Yr": 4.97, "3 Yr": 4.83, "5 Yr": 4.69, "7 Yr": 4.69, "10 Yr": 4.67, "20 Yr": 4.88, "30 Yr": 4.77, "2 Yr - 10 Yr": 0.2999999999999998, "2 Yr - 30 Yr": 0.20000000000000018, "10 Yr - 30 Yr": -0.09999999999999964}