{"Date": "2024-04-29", "1 Mo": 5.48, "2 Mo": 5.51, "3 Mo": 5.45, "6 Mo": 5.43, "1 Yr": 5.2, "2 Yr": 4.97, "3 Yr": 4.8, "5 Yr": 4.65, "7 Yr": 4.64, "10 Yr": 4.63, "20 Yr": 4.86, "30 Yr": 4.75, "2 Yr - 10 Yr": 0.33999999999999986, "2 Yr - 30 Yr": 0.21999999999999975, "10 Yr - 30 Yr": -0.1200000000000001}