{"Date": "2024-04-27", "1 Mo": 5.48, "2 Mo": 5.51, "3 Mo": 5.46, "6 Mo": 5.4, "1 Yr": 5.21, "2 Yr": 4.96, "3 Yr": 4.84, "5 Yr": 4.68, "7 Yr": 4.68, "10 Yr": 4.67, "20 Yr": 4.89, "30 Yr": 4.78, "2 Yr - 10 Yr": 0.29000000000000004, "2 Yr - 30 Yr": 0.17999999999999972, "10 Yr - 30 Yr": -0.11000000000000032}