{"Date": "2024-04-22", "1 Mo": 5.49, "2 Mo": 5.5, "3 Mo": 5.42, "6 Mo": 5.39, "1 Yr": 5.16, "2 Yr": 4.97, "3 Yr": 4.81, "5 Yr": 4.66, "7 Yr": 4.65, "10 Yr": 4.62, "20 Yr": 4.84, "30 Yr": 4.72, "2 Yr - 10 Yr": 0.34999999999999964, "2 Yr - 30 Yr": 0.25, "10 Yr - 30 Yr": -0.09999999999999964}