{"Date": "2024-04-25", "1 Mo": 5.48, "2 Mo": 5.51, "3 Mo": 5.47, "6 Mo": 5.41, "1 Yr": 5.21, "2 Yr": 4.96, "3 Yr": 4.85, "5 Yr": 4.7, "7 Yr": 4.71, "10 Yr": 4.7, "20 Yr": 4.93, "30 Yr": 4.82, "2 Yr - 10 Yr": 0.2599999999999998, "2 Yr - 30 Yr": 0.13999999999999968, "10 Yr - 30 Yr": -0.1200000000000001}