{"Date": "2024-05-18", "1 Mo": 5.5, "2 Mo": 5.47, "3 Mo": 5.46, "6 Mo": 5.41, "1 Yr": 5.14, "2 Yr": 4.83, "3 Yr": 4.6, "5 Yr": 4.44, "7 Yr": 4.43, "10 Yr": 4.42, "20 Yr": 4.66, "30 Yr": 4.56, "2 Yr - 10 Yr": 0.41000000000000014, "2 Yr - 30 Yr": 0.27000000000000046, "10 Yr - 30 Yr": -0.13999999999999968}