{"Date": "2024-05-08", "1 Mo": 5.51, "2 Mo": 5.47, "3 Mo": 5.45, "6 Mo": 5.41, "1 Yr": 5.13, "2 Yr": 4.84, "3 Yr": 4.63, "5 Yr": 4.5, "7 Yr": 4.49, "10 Yr": 4.48, "20 Yr": 4.73, "30 Yr": 4.64, "2 Yr - 10 Yr": 0.35999999999999943, "2 Yr - 30 Yr": 0.20000000000000018, "10 Yr - 30 Yr": -0.15999999999999925}