{"Date": "2024-05-29", "1 Mo": 5.5, "2 Mo": 5.48, "3 Mo": 5.46, "6 Mo": 5.43, "1 Yr": 5.22, "2 Yr": 4.96, "3 Yr": 4.79, "5 Yr": 4.63, "7 Yr": 4.63, "10 Yr": 4.61, "20 Yr": 4.82, "30 Yr": 4.74, "2 Yr - 10 Yr": 0.34999999999999964, "2 Yr - 30 Yr": 0.21999999999999975, "10 Yr - 30 Yr": -0.1299999999999999}