{"Date": "2024-05-01", "1 Mo": 5.47, "2 Mo": 5.5, "3 Mo": 5.46, "6 Mo": 5.43, "1 Yr": 5.21, "2 Yr": 4.96, "3 Yr": 4.79, "5 Yr": 4.64, "7 Yr": 4.64, "10 Yr": 4.63, "20 Yr": 4.85, "30 Yr": 4.74, "2 Yr - 10 Yr": 0.33000000000000007, "2 Yr - 30 Yr": 0.21999999999999975, "10 Yr - 30 Yr": -0.11000000000000032}