{"Date": "2024-05-06", "1 Mo": 5.51, "2 Mo": 5.48, "3 Mo": 5.45, "6 Mo": 5.42, "1 Yr": 5.12, "2 Yr": 4.82, "3 Yr": 4.64, "5 Yr": 4.48, "7 Yr": 4.48, "10 Yr": 4.49, "20 Yr": 4.73, "30 Yr": 4.64, "2 Yr - 10 Yr": 0.33000000000000007, "2 Yr - 30 Yr": 0.1800000000000006, "10 Yr - 30 Yr": -0.14999999999999947}