{"Date": "2024-04-17", "1 Mo": 5.49, "2 Mo": 5.49, "3 Mo": 5.45, "6 Mo": 5.38, "1 Yr": 5.16, "2 Yr": 4.93, "3 Yr": 4.77, "5 Yr": 4.62, "7 Yr": 4.61, "10 Yr": 4.59, "20 Yr": 4.81, "30 Yr": 4.71, "2 Yr - 10 Yr": 0.33999999999999986, "2 Yr - 30 Yr": 0.21999999999999975, "10 Yr - 30 Yr": -0.1200000000000001}