{"Date": "2024-05-02", "1 Mo": 5.51, "2 Mo": 5.47, "3 Mo": 5.46, "6 Mo": 5.42, "1 Yr": 5.16, "2 Yr": 4.87, "3 Yr": 4.71, "5 Yr": 4.57, "7 Yr": 4.57, "10 Yr": 4.58, "20 Yr": 4.82, "30 Yr": 4.72, "2 Yr - 10 Yr": 0.29000000000000004, "2 Yr - 30 Yr": 0.15000000000000036, "10 Yr - 30 Yr": -0.13999999999999968}