{"Date": "2024-05-23", "1 Mo": 5.51, "2 Mo": 5.48, "3 Mo": 5.46, "6 Mo": 5.44, "1 Yr": 5.2, "2 Yr": 4.91, "3 Yr": 4.71, "5 Yr": 4.52, "7 Yr": 4.5, "10 Yr": 4.47, "20 Yr": 4.67, "30 Yr": 4.58, "2 Yr - 10 Yr": 0.4400000000000004, "2 Yr - 30 Yr": 0.33000000000000007, "10 Yr - 30 Yr": -0.11000000000000032}