{"Date": "2024-05-14", "1 Mo": 5.5, "2 Mo": 5.47, "3 Mo": 5.44, "6 Mo": 5.43, "1 Yr": 5.16, "2 Yr": 4.81, "3 Yr": 4.62, "5 Yr": 4.46, "7 Yr": 4.45, "10 Yr": 4.45, "20 Yr": 4.69, "30 Yr": 4.59, "2 Yr - 10 Yr": 0.35999999999999943, "2 Yr - 30 Yr": 0.21999999999999975, "10 Yr - 30 Yr": -0.13999999999999968}