{"Date": "2024-05-21", "1 Mo": 5.5, "2 Mo": 5.47, "3 Mo": 5.45, "6 Mo": 5.42, "1 Yr": 5.14, "2 Yr": 4.82, "3 Yr": 4.61, "5 Yr": 4.43, "7 Yr": 4.42, "10 Yr": 4.41, "20 Yr": 4.65, "30 Yr": 4.55, "2 Yr - 10 Yr": 0.41000000000000014, "2 Yr - 30 Yr": 0.27000000000000046, "10 Yr - 30 Yr": -0.13999999999999968}