{"Date": "2024-05-16", "1 Mo": 5.51, "2 Mo": 5.47, "3 Mo": 5.45, "6 Mo": 5.41, "1 Yr": 5.13, "2 Yr": 4.78, "3 Yr": 4.58, "5 Yr": 4.4, "7 Yr": 4.39, "10 Yr": 4.38, "20 Yr": 4.62, "30 Yr": 4.52, "2 Yr - 10 Yr": 0.40000000000000036, "2 Yr - 30 Yr": 0.2600000000000007, "10 Yr - 30 Yr": -0.13999999999999968}