{"Date": "2024-05-09", "1 Mo": 5.51, "2 Mo": 5.48, "3 Mo": 5.46, "6 Mo": 5.41, "1 Yr": 5.12, "2 Yr": 4.8, "3 Yr": 4.6, "5 Yr": 4.47, "7 Yr": 4.46, "10 Yr": 4.45, "20 Yr": 4.7, "30 Yr": 4.6, "2 Yr - 10 Yr": 0.34999999999999964, "2 Yr - 30 Yr": 0.20000000000000018, "10 Yr - 30 Yr": -0.14999999999999947}