{"Date": "2024-05-04", "1 Mo": 5.51, "2 Mo": 5.48, "3 Mo": 5.45, "6 Mo": 5.41, "1 Yr": 5.12, "2 Yr": 4.81, "3 Yr": 4.63, "5 Yr": 4.48, "7 Yr": 4.49, "10 Yr": 4.5, "20 Yr": 4.75, "30 Yr": 4.66, "2 Yr - 10 Yr": 0.3099999999999996, "2 Yr - 30 Yr": 0.14999999999999947, "10 Yr - 30 Yr": -0.16000000000000014}