{"Date": "2024-05-28", "1 Mo": 5.5, "2 Mo": 5.48, "3 Mo": 5.46, "6 Mo": 5.43, "1 Yr": 5.21, "2 Yr": 4.94, "3 Yr": 4.75, "5 Yr": 4.56, "7 Yr": 4.56, "10 Yr": 4.54, "20 Yr": 4.74, "30 Yr": 4.66, "2 Yr - 10 Yr": 0.40000000000000036, "2 Yr - 30 Yr": 0.28000000000000025, "10 Yr - 30 Yr": -0.1200000000000001}