{"Date": "2024-05-10", "1 Mo": 5.51, "2 Mo": 5.47, "3 Mo": 5.47, "6 Mo": 5.43, "1 Yr": 5.17, "2 Yr": 4.87, "3 Yr": 4.65, "5 Yr": 4.52, "7 Yr": 4.51, "10 Yr": 4.5, "20 Yr": 4.74, "30 Yr": 4.64, "2 Yr - 10 Yr": 0.3700000000000001, "2 Yr - 30 Yr": 0.23000000000000043, "10 Yr - 30 Yr": -0.13999999999999968}