{"Date": "2024-05-13", "1 Mo": 5.5, "2 Mo": 5.47, "3 Mo": 5.45, "6 Mo": 5.43, "1 Yr": 5.16, "2 Yr": 4.85, "3 Yr": 4.66, "5 Yr": 4.5, "7 Yr": 4.49, "10 Yr": 4.48, "20 Yr": 4.72, "30 Yr": 4.63, "2 Yr - 10 Yr": 0.3699999999999992, "2 Yr - 30 Yr": 0.21999999999999975, "10 Yr - 30 Yr": -0.14999999999999947}