{"Date": "2024-05-30", "1 Mo": 5.48, "2 Mo": 5.48, "3 Mo": 5.46, "6 Mo": 5.42, "1 Yr": 5.19, "2 Yr": 4.92, "3 Yr": 4.74, "5 Yr": 4.57, "7 Yr": 4.57, "10 Yr": 4.55, "20 Yr": 4.76, "30 Yr": 4.69, "2 Yr - 10 Yr": 0.3700000000000001, "2 Yr - 30 Yr": 0.22999999999999954, "10 Yr - 30 Yr": -0.14000000000000057}