{"Date": "2024-05-15", "1 Mo": 5.49, "2 Mo": 5.46, "3 Mo": 5.45, "6 Mo": 5.4, "1 Yr": 5.1, "2 Yr": 4.73, "3 Yr": 4.51, "5 Yr": 4.35, "7 Yr": 4.35, "10 Yr": 4.36, "20 Yr": 4.61, "30 Yr": 4.52, "2 Yr - 10 Yr": 0.3700000000000001, "2 Yr - 30 Yr": 0.21000000000000085, "10 Yr - 30 Yr": -0.15999999999999925}