{"Date": "2024-04-30", "1 Mo": 5.48, "2 Mo": 5.51, "3 Mo": 5.46, "6 Mo": 5.44, "1 Yr": 5.25, "2 Yr": 5.04, "3 Yr": 4.87, "5 Yr": 4.72, "7 Yr": 4.71, "10 Yr": 4.69, "20 Yr": 4.9, "30 Yr": 4.79, "2 Yr - 10 Yr": 0.34999999999999964, "2 Yr - 30 Yr": 0.25, "10 Yr - 30 Yr": -0.09999999999999964}