{"Date": "2024-05-27", "1 Mo": 5.56, "2 Mo": 5.53, "3 Mo": 5.46, "6 Mo": 5.44, "1 Yr": 5.21, "2 Yr": 4.93, "3 Yr": 4.71, "5 Yr": 4.53, "7 Yr": 4.49, "10 Yr": 4.46, "20 Yr": 4.65, "30 Yr": 4.57, "2 Yr - 10 Yr": 0.46999999999999975, "2 Yr - 30 Yr": 0.35999999999999943, "10 Yr - 30 Yr": -0.11000000000000032}