{"Date": "2024-05-22", "1 Mo": 5.49, "2 Mo": 5.48, "3 Mo": 5.45, "6 Mo": 5.43, "1 Yr": 5.16, "2 Yr": 4.86, "3 Yr": 4.64, "5 Yr": 4.47, "7 Yr": 4.44, "10 Yr": 4.43, "20 Yr": 4.63, "30 Yr": 4.55, "2 Yr - 10 Yr": 0.4300000000000006, "2 Yr - 30 Yr": 0.3100000000000005, "10 Yr - 30 Yr": -0.1200000000000001}