{"Date": "2024-05-20", "1 Mo": 5.5, "2 Mo": 5.47, "3 Mo": 5.45, "6 Mo": 5.43, "1 Yr": 5.15, "2 Yr": 4.82, "3 Yr": 4.62, "5 Yr": 4.46, "7 Yr": 4.44, "10 Yr": 4.44, "20 Yr": 4.68, "30 Yr": 4.58, "2 Yr - 10 Yr": 0.3799999999999999, "2 Yr - 30 Yr": 0.2400000000000002, "10 Yr - 30 Yr": -0.13999999999999968}