{"Date": "2024-04-24", "1 Mo": 5.49, "2 Mo": 5.5, "3 Mo": 5.46, "6 Mo": 5.4, "1 Yr": 5.17, "2 Yr": 4.89, "3 Yr": 4.78, "5 Yr": 4.64, "7 Yr": 4.66, "10 Yr": 4.65, "20 Yr": 4.88, "30 Yr": 4.78, "2 Yr - 10 Yr": 0.23999999999999932, "2 Yr - 30 Yr": 0.10999999999999943, "10 Yr - 30 Yr": -0.1299999999999999}