{"Date": "2024-05-07", "1 Mo": 5.51, "2 Mo": 5.48, "3 Mo": 5.45, "6 Mo": 5.41, "1 Yr": 5.13, "2 Yr": 4.82, "3 Yr": 4.6, "5 Yr": 4.48, "7 Yr": 4.47, "10 Yr": 4.47, "20 Yr": 4.7, "30 Yr": 4.61, "2 Yr - 10 Yr": 0.35000000000000053, "2 Yr - 30 Yr": 0.20999999999999996, "10 Yr - 30 Yr": -0.14000000000000057}